step,loss,val_loss,lr,tok_per_sec,grad_norm,elapsed_sec,tokens_seen,step_ms
0,2.257452,,4.84e-06,209825,3.0108,1.2,158048,1249.3
10,1.913272,,5.32e-05,388784,1.0244,8.2,1509952,674.3
20,2.032318,,1.02e-04,360790,1.8744,15.0,2864928,726.6
30,1.669072,,1.50e-04,521035,1.2534,21.6,4153472,503.1
40,1.70894,,1.98e-04,408253,0.9308,28.0,5415264,642.1
50,1.610697,,2.47e-04,423355,0.8563,34.6,6699456,619.2
60,1.658924,,2.95e-04,411238,1.0654,41.1,7980992,637.5
70,1.571941,,3.00e-04,501351,1.1647,47.1,9140704,522.9
80,1.6172,,3.00e-04,387091,0.8052,53.7,10465216,677.2
90,1.676844,,3.00e-04,312574,0.844,60.1,11716512,838.7
100,1.733103,,3.00e-04,297399,0.8944,67.2,13142144,881.5
110,1.535566,,3.00e-04,487427,1.0412,73.5,14390368,537.8
120,1.553279,,2.99e-04,385231,0.7664,79.7,15630880,680.5
130,1.522221,,2.99e-04,435206,0.8907,86.3,16942080,602.3
140,1.554327,,2.99e-04,658599,0.9514,92.7,18229760,398.0
150,1.761936,,2.99e-04,418690,1.3858,98.8,19421312,626.1
160,1.418899,,2.98e-04,416465,0.7427,105.1,20675488,629.4
170,1.327244,,2.98e-04,524606,0.7555,111.4,21951808,499.7
180,1.527829,,2.98e-04,494224,0.9672,117.6,23179648,530.4
190,1.385089,,2.97e-04,597671,0.8668,123.0,24238400,438.6
200,1.561903,,2.97e-04,309375,0.6561,130.2,25686144,847.3
200,,1.594437,,,,,,
210,1.474104,,2.96e-04,455720,0.8533,155.2,26920032,575.2
220,1.570187,,2.96e-04,374712,0.8492,161.4,28168640,699.6
230,1.28625,,2.95e-04,543773,0.8208,168.1,29517184,482.1
240,1.486316,,2.95e-04,362650,0.6931,174.5,30778624,722.9
250,1.479894,,2.94e-04,329105,0.6318,181.4,32170336,796.5
260,1.408169,,2.94e-04,449400,0.7618,187.9,33483520,583.3
270,1.398484,,2.93e-04,396303,0.7468,194.3,34774048,661.5
280,1.445771,,2.92e-04,528305,0.8501,200.7,36055808,496.2
290,1.439815,,2.92e-04,412480,0.7385,207.2,37356480,635.5
300,1.410827,,2.91e-04,426474,0.7428,214.2,38785824,614.7
310,1.312551,,2.90e-04,449514,0.7792,220.9,40136352,583.2
320,1.311542,,2.89e-04,467226,0.7608,226.7,41297280,561.1
330,1.471017,,2.88e-04,448196,0.8654,233.2,42592992,584.9
340,1.494744,,2.88e-04,330240,0.7387,239.4,43834432,793.8
350,1.425866,,2.87e-04,435611,0.8045,245.2,45009056,601.8
360,1.283154,,2.86e-04,790927,0.9298,250.6,46071904,331.4
370,1.301321,,2.85e-04,498573,0.8346,256.4,47207904,525.8
380,1.436845,,2.84e-04,381630,0.7539,262.0,48310848,686.9
390,1.520325,,2.83e-04,319453,0.7117,268.4,49593184,820.6
400,1.316769,,2.82e-04,527840,0.9345,275.3,50987392,496.6
400,,1.51665,,,,,,
410,1.366585,,2.81e-04,440457,0.7338,298.2,52387712,595.2
420,1.419876,,2.80e-04,342720,0.6388,305.0,53757120,764.9
430,1.462178,,2.79e-04,304040,0.6458,311.2,54991584,862.2
440,1.445952,,2.77e-04,375650,0.7121,317.2,56181184,697.8
450,1.346671,,2.76e-04,467606,1.0271,323.3,57404320,560.6
460,1.391566,,2.75e-04,379459,0.599,330.2,58799072,690.8
470,1.412056,,2.74e-04,439218,0.6942,336.7,60081632,596.8
480,1.499337,,2.73e-04,379432,0.8026,342.8,61297184,690.9
490,1.329236,,2.71e-04,437618,0.7569,349.6,62691456,599.0
500,1.558039,,2.70e-04,353501,0.7786,356.6,64113248,741.6
510,1.527646,,2.69e-04,372798,1.0958,362.7,65333408,703.2
520,1.278882,,2.67e-04,437168,0.7487,368.6,66489088,599.6
530,1.111036,,2.66e-04,697633,0.7745,374.7,67708288,375.8
540,1.456012,,2.65e-04,438781,0.8306,381.0,68974400,597.4
550,1.335904,,2.63e-04,430259,0.6865,386.9,70160640,609.3
560,1.377942,,2.62e-04,389537,0.6605,392.6,71280128,673.0
570,1.385355,,2.60e-04,341604,0.6565,399.6,72698688,767.4
580,1.310234,,2.59e-04,544651,1.0134,406.1,74001152,481.3
590,1.436951,,2.57e-04,339385,0.7143,412.4,75274816,772.4
600,1.250842,,2.56e-04,445361,0.6553,418.9,76576512,588.6
600,,1.470837,,,,,,
610,1.416055,,2.54e-04,428048,0.7584,446.1,77965696,612.4
620,1.181361,,2.52e-04,732179,0.8721,452.3,79225152,358.0
630,1.230767,,2.51e-04,573035,0.7731,458.8,80530336,457.5
640,1.382793,,2.49e-04,371896,0.631,465.3,81849920,704.9
650,1.454433,,2.48e-04,285723,0.5718,472.2,83231296,917.5
660,1.204064,,2.46e-04,495627,0.7089,478.3,84444608,528.9
670,1.437127,,2.44e-04,335888,0.6618,484.3,85646208,780.5
680,1.409111,,2.43e-04,556482,0.8325,489.9,86773696,471.1
690,1.265109,,2.41e-04,414345,0.6259,495.7,87921920,632.7
700,1.345096,,2.39e-04,331419,0.6148,501.9,89149984,791.0
710,1.470974,,2.37e-04,346737,0.9438,508.1,90390560,756.0
720,1.432251,,2.36e-04,351355,0.7222,514.6,91695200,746.1
730,1.400569,,2.34e-04,319994,0.6622,521.3,93037952,819.2
740,1.399259,,2.32e-04,365214,0.7083,527.6,94302912,717.8
750,1.216762,,2.30e-04,671733,0.8851,533.7,95531040,390.3
760,1.258618,,2.28e-04,384200,0.5612,540.7,96928576,682.3
770,1.357565,,2.26e-04,415076,0.6655,547.3,98247360,631.6
780,1.45625,,2.24e-04,320612,0.6062,553.8,99550016,817.6
790,1.235664,,2.23e-04,400344,0.6593,560.2,100844544,654.8
800,1.256305,,2.21e-04,432613,0.6343,566.1,102026176,606.0
800,,1.426827,,,,,,
810,1.244987,,2.19e-04,460458,0.6589,588.5,103219520,569.3
820,1.262099,,2.17e-04,471440,0.6935,594.8,104462432,556.0
830,1.305218,,2.15e-04,545967,0.8651,600.8,105640960,480.1
840,1.369352,,2.13e-04,499255,0.9917,607.8,107053088,525.1
850,1.326893,,2.11e-04,525117,0.9395,614.1,108271168,499.2
860,1.260387,,2.09e-04,402857,0.6102,620.3,109505280,650.7
870,1.225246,,2.07e-04,488590,0.6632,626.6,110777376,536.5
880,1.321381,,2.05e-04,459910,0.9124,632.9,112022208,570.0
890,1.395341,,2.03e-04,414003,0.7605,639.7,113376352,633.2
900,1.554759,,2.01e-04,256151,0.5804,646.2,114665632,1023.4
910,1.428402,,1.99e-04,411490,0.6784,653.1,116030592,637.1
920,1.213807,,1.97e-04,466794,0.6341,659.5,117302656,561.6
930,1.203101,,1.95e-04,449896,0.6546,666.0,118585472,582.7
940,1.230221,,1.93e-04,450812,0.6527,672.5,119873696,581.5
950,1.304833,,1.91e-04,705163,1.1458,678.7,121094400,371.7
960,1.24543,,1.89e-04,446183,0.6892,685.3,122402560,587.5
970,1.259273,,1.87e-04,413734,0.6302,691.4,123623424,633.6
980,1.363046,,1.85e-04,292920,0.5406,698.5,125030848,894.9
990,1.197966,,1.83e-04,475490,0.7433,705.1,126335872,551.3
1000,1.194583,,1.80e-04,461022,0.6537,710.9,127468704,568.6
1000,,1.393528,,,,,,
1010,1.148195,,1.78e-04,493943,0.7264,734.9,128553376,530.7
1020,1.39972,,1.76e-04,364254,0.8547,741.4,129812928,719.7
1030,1.256404,,1.74e-04,412847,0.5928,747.9,131096160,635.0
1040,1.267042,,1.72e-04,359818,0.56,754.4,132366432,728.5
1050,1.272339,,1.70e-04,313720,0.5491,761.2,133653440,835.6
1060,1.048582,,1.68e-04,473698,0.5953,767.5,134902208,553.4
1070,1.139299,,1.66e-04,445009,0.6045,774.1,136234656,589.1
1080,1.231966,,1.64e-04,329587,0.5433,781.0,137620576,795.4
1090,0.950193,,1.62e-04,434825,0.5051,787.3,138888448,602.9
1100,1.137064,,1.60e-04,360731,0.5695,794.3,140294848,726.7
1110,1.09341,,1.57e-04,439581,0.724,801.1,141652352,596.3
1120,1.102055,,1.55e-04,401050,0.5636,808.1,143035584,653.6
1130,1.043757,,1.53e-04,434069,0.6083,814.5,144314144,603.9
1140,1.151811,,1.51e-04,354479,0.5793,821.3,145667420,739.5
1150,1.116512,,1.49e-04,424355,0.5816,827.1,146815740,617.7
1160,1.128457,,1.47e-04,356014,0.4956,833.5,148084700,736.3
1170,1.108282,,1.45e-04,409465,0.6226,840.1,149402204,640.2
1180,1.009822,,1.43e-04,468848,0.6391,846.6,150698844,559.1
1190,1.059922,,1.41e-04,441303,0.6684,852.7,151883932,594.0
1200,1.091191,,1.39e-04,405004,0.551,858.3,152961756,647.3
1200,,1.372642,,,,,,
1210,0.929145,,1.37e-04,542022,0.6034,882.8,154275100,483.6
1220,1.059985,,1.35e-04,507761,0.6439,888.8,155473372,516.3
1230,1.246108,,1.33e-04,333438,0.5282,895.7,156868124,786.2
1240,1.074372,,1.31e-04,405142,0.6553,902.1,158140124,647.0
1250,1.057251,,1.29e-04,401904,0.6624,908.0,159305212,652.3
1260,0.99627,,1.27e-04,531099,0.61,914.0,160471260,493.6
1270,1.165483,,1.25e-04,363133,0.585,920.9,161870940,721.9
1280,0.980962,,1.23e-04,526483,0.6145,927.4,163171260,497.9
1290,1.170932,,1.21e-04,344512,0.4859,933.7,164421916,760.9
1300,1.138242,,1.19e-04,377983,0.5758,939.9,165632380,693.5
1310,1.183507,,1.17e-04,363968,0.5364,946.2,166877916,720.2
1320,1.148207,,1.15e-04,341510,0.4806,952.9,168229308,767.6
1330,1.14668,,1.13e-04,385402,0.7032,960.1,169692348,680.2
1340,1.040849,,1.11e-04,472931,0.579,966.9,171055228,554.3
1350,0.968245,,1.09e-04,478167,0.6393,972.6,172167132,548.2
1360,1.072772,,1.07e-04,424559,0.6272,978.6,173331516,617.5
1370,1.030258,,1.05e-04,455770,0.7319,984.6,174518940,575.2
1380,1.190518,,1.03e-04,316660,0.4553,990.4,175621660,827.8
1390,1.077763,,1.01e-04,473971,0.7815,996.7,176891228,553.1
1400,1.094502,,9.96e-05,408094,0.5948,1003.5,178267228,642.4
1400,,1.347771,,,,,,
1410,1.049671,,9.77e-05,432408,0.5376,1029.4,179587804,606.2
1420,1.159932,,9.59e-05,340422,0.6664,1035.6,180808732,770.1
1430,1.252224,,9.41e-05,316907,0.5175,1042.1,182100220,827.2
1440,1.156538,,9.24e-05,342240,0.4586,1049.0,183495516,766.0
1450,0.95365,,9.06e-05,465669,0.5321,1055.6,184818556,562.9
1460,0.990285,,8.89e-05,534529,0.6284,1061.3,185947516,490.4
1470,1.091503,,8.71e-05,394464,0.5861,1067.2,187106428,664.6
1480,0.997606,,8.54e-05,476159,0.682,1073.3,188318652,550.5
1490,1.113951,,8.38e-05,434167,0.677,1080.2,189691100,603.8
1500,1.085723,,8.21e-05,438334,0.6021,1086.8,191025724,598.0
1510,1.109534,,8.05e-05,366547,0.5168,1093.9,192462076,715.2
1520,1.15765,,7.88e-05,314946,0.4316,1100.6,193798300,832.3
1530,1.015988,,7.72e-05,479963,0.6183,1107.2,195125116,546.2
1540,1.014476,,7.56e-05,423573,0.5377,1113.0,196250012,618.9
1550,1.006394,,7.41e-05,435437,0.5638,1119.1,197438492,602.0
1560,1.069199,,7.25e-05,432038,0.6525,1125.1,198644668,606.8
1570,1.032744,,7.10e-05,429484,0.5056,1131.5,199895772,610.4
1580,1.206457,,6.95e-05,323516,0.4972,1137.9,201178172,810.3
1590,0.866104,,6.81e-05,803884,0.7509,1144.1,202382588,326.1
1600,1.113616,,6.66e-05,392939,0.7229,1151.0,203772668,667.1
1600,,1.328343,,,,,,
1610,1.058631,,6.52e-05,410534,0.5849,1175.0,204917596,638.5
1620,0.914637,,6.38e-05,558278,0.7486,1181.2,206141532,469.6
1630,0.951224,,6.24e-05,659495,0.6536,1186.8,207239804,397.5
1640,1.053974,,6.11e-05,421897,0.5413,1193.2,208518908,621.3
1650,0.952209,,5.98e-05,493318,0.5729,1199.4,209732860,531.4
1660,1.080622,,5.85e-05,350509,0.4682,1206.2,211099804,747.9
1670,1.048663,,5.72e-05,384451,0.6139,1212.6,212385596,681.9
1680,0.960735,,5.59e-05,501788,0.5983,1218.6,213565948,522.4
1690,1.112194,,5.47e-05,350319,0.5191,1224.7,214762204,748.3
1700,1.003264,,5.35e-05,407681,0.5121,1231.1,216030780,643.0
1710,1.060231,,5.23e-05,426678,0.5748,1237.0,217180700,614.4
1720,1.057361,,5.12e-05,385502,0.5577,1243.5,218474748,680.0
1730,1.154843,,5.01e-05,365010,0.5613,1250.2,219806524,718.2
1740,1.10897,,4.90e-05,376081,0.4944,1256.7,221098076,697.0
1750,1.172716,,4.79e-05,330879,0.6429,1263.2,222367836,792.3
1760,1.250315,,4.69e-05,294016,0.4907,1269.6,223638684,891.6
1770,1.058584,,4.59e-05,411518,0.4945,1276.3,224966236,637.0
1780,1.008942,,4.49e-05,457945,0.5741,1282.7,226233500,572.4
1790,1.255095,,4.40e-05,293478,0.4528,1289.2,227537564,893.2
1800,1.039678,,4.31e-05,439215,0.6245,1295.5,228779836,596.8
1800,,1.316665,,,,,,
1810,0.85167,,4.22e-05,709344,0.745,1318.9,230077116,369.6
1820,1.008525,,4.13e-05,373371,0.5005,1325.5,231392668,702.1
1830,0.799076,,4.05e-05,666237,0.6327,1332.1,232695804,393.5
1840,1.119221,,3.97e-05,346532,0.4756,1338.1,233873564,756.5
1850,1.099241,,3.90e-05,400338,0.6182,1344.1,235066140,654.8
1860,1.01939,,3.82e-05,386192,0.5044,1350.1,236235100,678.8
1870,1.207364,,3.75e-05,335184,0.6601,1356.9,237605020,782.1
1880,1.251389,,3.68e-05,309255,0.5332,1363.3,238866908,847.7
1890,1.061473,,3.62e-05,460495,0.6034,1370.5,240320220,569.3
1900,0.988378,,3.56e-05,459488,0.5623,1376.8,241585884,570.5
1910,1.051661,,3.50e-05,440543,0.5728,1383.6,242954076,595.0
1920,1.092259,,3.45e-05,417468,0.5542,1389.2,244052540,627.9
1930,1.169736,,3.39e-05,327292,0.41,1395.6,245318172,800.9
1940,1.116461,,3.35e-05,378368,0.5009,1402.2,246656572,692.8
1950,0.924484,,3.30e-05,524981,0.5386,1408.5,247910620,499.3
1960,0.966057,,3.26e-05,409718,0.5407,1414.7,249139804,639.8
1970,1.061403,,3.22e-05,376538,0.5165,1421.5,250513084,696.2
1980,1.082003,,3.18e-05,387712,0.5263,1428.1,251848668,676.1
1990,0.95585,,3.15e-05,562132,0.6214,1434.5,253116188,466.3
2000,1.105433,,3.12e-05,340665,0.5354,1441.2,254461372,769.5
2000,,1.307611,,,,,,
2010,0.885934,,3.09e-05,649800,0.6162,1465.8,255540476,403.4
2020,0.945619,,3.07e-05,552706,0.6256,1471.7,256699452,474.3
2030,0.953668,,3.05e-05,424798,0.5173,1478.2,257960828,617.1
2040,1.066149,,3.03e-05,368413,0.4597,1485.1,259350364,711.5
2050,0.973855,,3.02e-05,432604,0.5229,1491.6,260650076,606.0
2060,1.092402,,3.01e-05,389230,0.641,1498.5,262029148,673.5
2070,1.141762,,3.00e-05,388724,0.5115,1505.0,263321820,674.4
2080,1.151531,,3.00e-05,325893,0.4547,1511.2,264539932,804.4
2085,,1.314185,,,,,,
